,r
grip_dynamometer_size,-0.46976289443942754
grip_hand1_trial3_kg,-0.46088551234705727
grip_hand2_trial2_kg,-0.4596841269304733
grip_hand1_trial2_kg,-0.45956497018049636
grip_hand2_trial3_kg,-0.45879993497915317
grip_hand2_trial1_kg,-0.45581119508100826
grip_hand1_trial1_kg,-0.45146078201138046
upper_leg_length_cm,-0.41860646287632547
uric_acid_mgdl,-0.40755382744564583
hemoglobin_gdl,-0.40368373139458424
hematocrit_pct,-0.3842586669357195
rbc_milionul,-0.380417767618501
albumin_gdl,-0.2709413181025795
us_military_active_duty_ever,0.2699537709545061
creatine_kinase_iul,-0.24759091060141136
d1_energy_kcal,-0.23680522097073678
sun_protection_wear_sunscreen,-0.2342066747991946
total_bilirubin_mgdl,-0.22904146077256246
d1_niacin_mg,-0.22864025089265477
d1_protein_g,-0.2284751947960121
d1_phosphorus_mg,-0.22797772287281398
creatinine_mgdl,-0.2274886498818184
d1_total_choline_mg,-0.21944113139939522
d1_sodium_mg,-0.21396248467217813
hdl_cholesterol_mgdl,0.21347932441957437
d1_selenium_mcg,-0.2102937585354247
d1_potassium_mg,-0.20804964929654335
d1_zinc_mg,-0.2077136470252545
d1_thiamin_b1_mg,-0.2068326363612834
d1_carbs_g,-0.2040625786300636
d1_riboflavin_b2_mg,-0.2021488060713171
iron_ugdl,-0.19495116732334558
standing_height_cm,-0.19286154047928095
monocyte_pct,-0.18893107486620492
alc_12_drinks_in_year,0.18889871846144907
cs_quinine_tongue_tip_grade,0.18861260921859507
alt_ul,-0.18836237085401852
d1_vit_b6_mg,-0.18744549909721725
d1_sfa_c16_g,-0.1863912212291651
d1_mufa_c16_1_g,-0.18519333596445417
hh_ref_gender,0.1841056537056239
pa_vigorous_work_ever,0.1828474781407947
d1_magnesium_mg,-0.18252481917715305
d1_total_fat_g,-0.1824043538003316
d1_iron_mg,-0.182143998952087
d1_mono_fat_g,-0.1805509903333838
d1_sat_fat_g,-0.17891471855627672
d1_sfa_c18_g,-0.17866092432253997
blood_manganese_nmoll,0.17650828164011922
urine_creatinine_umoll,-0.17173338966131202
d1_mufa_c18_1_g,-0.17136322331482565
alc_days_drink_past_year_unit,0.16891958486397263
alc_ever_5plus_per_day_most_days,0.16880084515244248
mchc_gdl,-0.16865894872076834
d1_pufa_c20_4_g,-0.1675072175641885
cb_nutrition_facts_nutrients,-0.1668540557034405
d1_cholesterol_mg,-0.16684176164568967
phq9_tired_little_energy,0.16423747720278106
cb_structure_claims_influence,-0.16246745967073173
smoke_100_cigs_lifetime,0.15901856384379973
d1_calcium_mg,-0.15564480696643127
d1_vit_b12_mcg,-0.15484921883879488
d1_total_folate_mcg,-0.15212253887860044
wh_weight_self_perception,-0.15092992585368795
mc_thyroid_problem_ever,-0.1503281296349448
wh_trying_lose_weight_year,-0.1486675041395028
platelets_1000ul,0.1486510434579352
cs_salt_tongue_tip_grade,0.14604184448379712
cs_quinine_whole_mouth_grade,0.14503859789892531
d1_folate_dfe_mcg,-0.14257059166690317
potassium_mmoll,-0.14107494945109988
bicarbonate_mmoll,-0.13984180943489236
pa_vigorous_recreation_ever,0.1395634373108259
urine_void1_ml,-0.13882563083658137
d1_total_sugars_g,-0.13870527258250934
bun_mgdl,-0.13353657941520827
smoke_any_tobacco_past_5d,0.13344554772639206
globulin_gdl,0.1327533712844708
pa_moderate_recreation_minutes_day,-0.13189338761220915
alkaline_phosphatase_iul,-0.13029988075801682
eosinophil_pct,-0.12971064851989667
d1_food_folate_mcg,-0.12947112243377992
d1_fiber_g,-0.12943321873286662
d1_copper_mg,-0.12883333116805015
d1_mufa_c20_1_g,-0.12768067708961794
phq9_poor_appetite,0.12661218383402484
d1_sfa_c14_g,-0.12643802514536245
d1_poly_fat_g,-0.12532377319108282
d1_pufa_c18_2_g,-0.12449183289597325
osmolality_mmolkg,-0.12297297132468148
smoke_work_exposure_days,0.12141397835550005
upper_arm_length_cm,-0.12140619686696058
oral_hpv_any_type,0.11941399650534734
bp_pulse_60s,0.11885003958888057
smoke_work_indoor_policy,0.11778605579940418
monocyte_1000ul,-0.11612493174862148
cs_problem_caused_weight_gain,-0.11488587398985987
d1_moisture_g,-0.11325802786146819
occ_work_past_week_status,0.11284106416935388
cs_nacl_whole_mouth_grade,0.11073128376429908
skin_freckles,-0.11052429804551193
osteo_told_osteoporosis_ever,-0.11025241108277462
blood_lead_ugdl,-0.10915763114815824
d1_retinol_mcg,-0.10908614229351936
d1_alcohol_g,-0.1088945676774372
d1_folic_acid_mcg,-0.10744931071233338
ast_ul,-0.10680992031851885
cb_food_label_influence_buying,-0.10437311213789684
chloride_mmoll,0.10342030059289005
cs_smell_problem_better_current,-0.1032937865927201
d1_vit_d_mcg,-0.10291519422428153
eosinophil_1000ul,-0.10018405202507213
phq9_depressed_down,0.0996466386711806
mc_overweight_told_ever,-0.09864670531695104
cs_reduced_enjoyment_food,-0.09655880623616866
drug_marijuana_ever,0.0953487527076677
cholesterol_serum_mgdl,0.0950279758037015
cs_taste_duration,-0.09480340795887994
mc_arthritis_ever,-0.0941537525528051
d1_pufa_c18_3_g,-0.09395172426456301
bp_systolic_1,-0.09394087240634684
smoke_cigar_type,0.09173500228059586
sun_protection_stay_shade,-0.09022476998031916
mc_currently_reducing_fat,-0.09003475881644463
d1_sfa_c4_g,-0.08965755329777098
bp_cuff_size,-0.08941588106575032
calcium_total_mgdl,-0.08904354876875123
d1_vit_e_alpha_tocopherol_mg,-0.08814549164916091
mc_told_increase_activity_past_12mo,-0.0874308378068195
smoke_cigar_past_5d,0.08732037337750323
bp_systolic_3,-0.08694360334535288
phq9_trouble_sleeping,0.08650358876802333
d1_sfa_c6_g,-0.08628875563304847
bp_systolic_2,-0.08622755902550545
phq9_feeling_bad_failure,0.08622016572807051
d1_sfa_c10_g,-0.08613035270297337
d1_pufa_c22_5_g,-0.08604740773723864
tuna_past30d,-0.08452271570349715
cholesterol_total_mgdl,0.08286612639792482
cs_quinine_whole_mouth_taste,-0.082451520919405
d1_added_vit_b12_mcg,-0.08090227081692532
sleep_told_sleep_disorder,-0.080836567020112
pf_need_help_eating_dressing,0.07973645886166342
urine_void1_flow_mlmin,-0.07939286310201848
grip_difficulty_grasp_objects,-0.07928998170944787
oh_mouth_problem_embarrass,0.07906156327300067
d1_vit_a_rae_mcg,-0.07783954458043679
triglycerides_serum_mgdl,-0.07632944687604282
phq9_little_interest,0.07575234549230243
weight_kg,-0.07536503170695091
phosphorus_mgdl,0.07375861647619714
mc_gout_ever,0.0737406775107642
total_protein_gdl,-0.0731804805079989
bmi,0.07302056007624042
drug_cocaine_heroin_meth_ever,0.07272769589863595
gamma_gt_ul,-0.07161638525892206
pa_walk_bike_transport_ever,0.07151651144789857
oh_worry_teeth_num,0.07136611580773536
phq9_trouble_concentrating,0.07086168163099676
cs_smell_grape,-0.0703321367070737
cs_problem_started_during_pregnancy,0.0703030771196025
triglycerides_mgdl,-0.06990295710458364
d1_lycopene_mcg,-0.06962768986889027
smoke_restaurant_exposure,0.06940299656250448
mc_told_control_weight_past_12mo,-0.06929267698957427
rdw_pct,0.06825057533216132
cs_smell_natural_gas,0.06813448336370953
mc_chronic_bronchitis_ever,-0.06795620876149139
urine_trimethylarsine_ugl,-0.06768099364248215
mc_anemia_treatment_past_3mo,-0.06767793947863286
hsv1_antibody,-0.06765724440931413
cs_smell_soap,-0.06560386837040603
db_milk_consumption_30d,-0.06532040184934391
mc_told_reduce_fat_past_12mo,-0.06503906413816524
cv_shortness_of_breath,-0.0645521233199024
vit_b12_serum_pgml,0.06452724855837723
phq9_difficulty_doing_work,0.06432926382408503
dis_diff_walking_climbing_stairs,-0.0640139435243309
mch_pg,-0.06380424275252117
cs_phantom_taste,0.06353486368800544
care_routine_place,-0.06312252146440513
bm_exam_status,0.06283678335062177
blood_cadmium_nmoll,0.06271162306513801
sodium_mmoll,-0.06231869735390645
grip_difficulty_reach_above_head,-0.06230402458254127
pa_moderate_work_ever,0.061910595785214205
cs_unable_detect_spoiled_food,-0.06026663958283655
cs_taste_phantom_sweet,-0.05952600797114834
ldh_ul,-0.05942749797352883
neutrophil_1000ul,0.05811254155605286
care_num_visits_year,0.056858175193184306
sagittal_abd_diameter_1,-0.056574015627019816
grip_pain_in_hands_30d,-0.05580741513841243
rx_used_alt_med_past_30d,0.05465459768024417
sx_ever_genital_warts,-0.05378890181329699
grip_months_since_hand_surgery,-0.053786849829560966
d1_sfa_c12_g,-0.05373585882112389
tooth_01_count_code,0.05330429783102915
oh_floss_days_per_week,0.0530483915041472
oral_hpv_type_16,0.052975001771003685
cs_head_injury_knocked_out,-0.05281839168890675
mc_currently_reducing_sodium,-0.05251094778646372
tooth_32_count_code,0.05233378955346196
care_hospital_overnight_past_year,-0.052250860667025056
tooth_16_count_code,0.0520008055110803
dis_diff_doing_errands_alone,-0.05168100056774484
neutrophil_pct,0.05140742974080275
tooth_18_sealant,-0.050982964499653484
diab_risk_told_by_doctor,-0.050934692286216623
d1_vit_c_mg,-0.05048368946145756
diab_blood_test_past_3yr,-0.05018455141578833
mc_told_reduce_sodium_past_12mo,-0.05009243572111957
mc_heart_attack_ever,0.04948044297757784
tooth_15_sealant,-0.04871221135392889
d1_caffeine_mg,-0.04849393169580188
bp_told_to_take_chol_meds,0.04845083489942026
hiv_combo_ab_ag,0.04832129408192817
sx_age_first_sex,0.04801957768254688
num_recall_days,0.04774366724470757
tooth_17_count_code,0.047714226430878325
grip_seat_adjusted,0.04754586686758777
oral_hpv_type_59,0.047523256447948345
cs_exam_status,0.047436614131736846
blood_cadmium_below_lod,-0.04728694574587092
cs_smell_smoke,0.04728033591827146
wbc_1000ul,0.04714111880627463
d1_sfa_c8_g,-0.047061732180573045
gen_health_cond,0.04693548780845432
bp_enhancement_2,-0.04606738790168114
oh_exam_status,0.04603671151565927
cs_nacl_tongue_tip_grade,0.04591252478698678
skin_reaction_sun_hour,-0.045736615670334095
sun_protection_wear_long_sleeves,0.04544898399070108
tooth_05_sealant,0.045376166536364164
oh_tongue_examined_ever,-0.04473234309184396
oral_hpv_type_66,0.04464459957213616
cs_allergy_hay_fever,-0.04437431666696116
d1_mufa_c22_1_g,-0.04400106852959418
cs_problem_during_pregnancy,0.043933131844441024
cs_smell_strawberry,-0.04387955717415774
sx_ever_genital_herpes,-0.043788355203198265
db_milk_reg_use_change,0.043087834650817704
lymphocyte_1000ul,0.043025409434271605
tooth_18_count_code,-0.043017074230127704
mc_currently_controlling_weight,-0.04296695548528386
tooth_31_sealant,-0.04296637900698391
pf_need_special_equipment,-0.04288637203051601
oral_hpv_type_6,0.04268969251159198
tooth_07_sealant,-0.04234728660058262
catfish_past30d,0.04232933056603185
tooth_10_sealant,-0.04222931629788066
tooth_31_count_code,-0.04207861186297406
oral_hpv_type_61,0.04165832778439308
pest_used_home_past_year,0.04161556561794471
cs_inability_smell_smoke,-0.041558608726084634
oral_hpv_type_55,0.04131513670092597
oral_hpv_type_62,0.04112071050659702
grip_exam_status,0.041059619750418296
occ_longest_job_years,-0.040900681938269096
oral_hpv_type_56,0.04032739974771671
arm_circ_cm,-0.04013391859236012
other_fish_past30d,-0.04005590697174235
oral_hpv_type_84,0.03993100561528029
tooth_02_count_code,-0.03984156276902186
tooth_02_sealant,-0.039774490199162495
smoke_nonsmoker_harm_exposure,0.03966157001090132
tooth_05_count_code,0.039003358798032114
oral_hpv_type_81,0.038974119589530225
d1_pufa_c18_4_g,-0.03880363543448994
oral_hpv_type_72,0.03865265544711914
oral_hpv_type_33,0.03828876480639988
urine_albumin_mgl,-0.03825864918564226
oh_dentition_status,0.03797981551444453
oysters_past30d,0.037743053224187764
oral_hpv_type_58,0.03753357543486077
diab_risk_feels_at,-0.037466600621331045
oral_hpv_type_51,0.037348054300396866
glucose_serum_mgdl,-0.037023918100039264
insulin_pmoll,-0.03684874670003134
oral_hpv_type_69,0.03677584964494658
oh_told_gum_disease,-0.03675761480965702
consumed_alcohol_before_draw,0.03666488661007101
inc_other_sources,-0.03657217131093312
oral_hpv_positive_control,0.03653943791869319
oral_hpv_type_35,0.036426802561473196
inorg_mercury_nmoll,0.03639952838168461
mc_blood_transfusion_ever,-0.036242160415023206
bass_past30d,0.03621245595913327
sp_interview_proxy_used,0.03621169251173206
walleye_past30d,0.03618097118285497
cs_nacl_whole_mouth_taste,-0.036086095521971534
oral_hpv_type_42,0.03595733856849452
swordfish_past30d,0.03589707249100056
hs_questionnaire_source,0.035695825400229204
oral_hpv_type_53,0.03568007028656217
oral_hpv_type_52,0.03514185385991995
oral_hpv_type_18,0.03514185385991993
perch_past30d,0.034885946559761065
crabs_past30d,-0.03474737900964845
smoke_home_rules_guests,0.03465050400921577
oral_hpv_type_31,0.03448723881533839
oral_hpv_type_68,0.034433718920445326
oral_hpv_type_73,0.03432936970333679
oral_hpv_type_39,0.034228493809227566
tooth_15_count_code,-0.034006795700860196
tooth_29_sealant,-0.03390960312983255
mc_family_asthma,-0.03377645136645019
sleep_doctor_ever_sleep_study,0.0337676505945948
oral_hpv_type_67,0.033719151059772925
oral_hpv_type_83,0.03347215199557012
pa_moderate_recreation_days_wk,-0.03310791747362183
pike_past30d,0.03306116589686372
lived_or_traveled_outside_us,-0.03300083752092524
oral_hpv_type_11,0.03294841738171516
oral_hpv_internal_control,0.03289971704460557
oral_hpv_type_54,0.03289971704460556
oral_hpv_type_71,0.03280486483576203
oh_mouth_problem_depressed,-0.032613532445312524
alc_days_5plus_past_year_num,-0.032591703907456436
inorg_mercury_below_lod,-0.03258442918843488
grip_hand1_trial3_effort,0.032474457835690085
cs_taste_current,0.03229117992134444
oral_hpv_high_risk_any,0.032175015049756596
oral_hpv_type_82,0.03212876747763865
oral_hpv_type_45,0.03208335040510035
oh_worry_teeth_freq,-0.03191963208695989
age_years,0.03191941950847869
cs_smell_leather,0.0319188722802057
oral_hpv_type_40,0.03135515544613279
oral_hpv_type_26,0.03135515544613279
tooth_19_sealant,-0.031309631750614665
tooth_12_sealant,0.031155351092190774
drug_needle_inject_ever,0.031128162962244663
mussels_past30d,0.0310914057088819
ins_uncovered_past_12mo,-0.031030738744275387
osteo_spine_fracture_ever,0.03102494588764491
on_any_special_diet,-0.03088323295845639
tooth_12_count_code,0.03079779874880731
cs_self_report_taste_problem,-0.03067459582772404
db_school_attendance,0.03057536310783836
d1_pufa_c22_6_g,-0.03054523054821644
mc_cancer_ever,-0.030211483353952392
mpv_fl,0.029928006981484227
cs_smell_problem_cause_cold,-0.02978854020807432
bp_max_inflation_level,-0.029777454059105663
oral_hpv_type_70,0.029724673503139912
dis_deaf_serious_diff_hearing,0.029660560475175672
bp_diastolic_1,-0.02964202397825301
hepatitis_b_core_ab,0.029456561728460184
oh_implants_present,-0.02941890989038241
health_gen_cond_self,0.029350652501810744
bp_arm_selected,0.028698440221881342
urine_alb_creat_ratio,-0.028397743828811634
took_antacids_before_draw,-0.02814849819959346
apolipoprotein_b_gl,-0.028101955641450727
alc_avg_drinks_per_drinking_day,-0.027608423921199603
inc_monthly_poverty_index,-0.02748566159582217
tooth_30_sealant,-0.027294557156436056
tooth_03_count_code,-0.02719502256638456
bp_ever_high_bp,-0.02719031978777553
bp_pulse_regularity,-0.027078210172679154
ldl_cholesterol_mgdl,0.027048696682394575
family_income_range,-0.027035545904195005
cs_inability_smell_gas_leak,-0.026998197019077512
mc_family_diabetes,-0.026664507885665475
db_milk_age_5_12,-0.026399225062444624
oh_last_dental_visit,-0.026396122103919395
cb_supercenter_shopping_freq,0.026354492226675692
poverty_income_ratio,-0.026321363193984742
tooth_03_sealant,-0.026292181582589037
cs_taste_problem_persisting,-0.026034657209987943
chewed_gum_before_draw,-0.0258315363180779
grip_hand2_trial1_effort,0.025417529583291677
tooth_21_count_code,0.025362050302752216
occ_hours_worked_last_week,-0.025322502730538893
salt_freq_added_at_table,-0.025278221425425112
household_income_range,-0.024976356606835365
cs_taste_loss_cause,-0.02474804729645817
ins_private,-0.024635231543028966
osteo_prednisone_month_or_more,-0.0245463682106634
age_months_at_exam,0.024235388568242287
phq9_thoughts_self_harm,0.024116963948151226
education_20_plus,0.02411022019018005
sx_ever_trichomoniasis_told,-0.023629628239268122
oh_self_rated_dental_appearance,-0.023615609881825334
osteo_wrist_fracture_ever,0.02360167466806934
inc_monthly_poverty_category,-0.02350192311478665
d1_interviewer_id,0.023485293750165597
tooth_14_sealant,-0.0234297160324612
hepatitis_e_igm,-0.02305807461926973
tooth_04_count_code,0.022721481698947606
unknown_fish_past30d,0.022603362523313384
tooth_28_count_code,0.022537338400549396
audio_hearing_aid_used,-0.0224287163676107
inc_family_savings_range,0.02239041462769376
hepatitis_d_antibody,-0.022362355292875963
bp_time_since_chol_check_months,-0.022328808590550933
hh_ref_age_years,0.022300335699579614
cs_self_report_smell_problem,0.02219870000578177
dis_blind_serious_diff_seeing,-0.022158250308396264
basophil_pct,-0.022119547679076094
mc_family_heart_attack_before_50,-0.021833726483386596
oh_mouth_problem_anxious,0.021791347189264888
occ_longest_kind_of_work,-0.021772239165445198
pf_difficulty_working,-0.021390600776283793
stomach_illness_past_30d,-0.021243398665699888
bp_enhancement_3,-0.021083720266474034
bp_diastolic_2,-0.020901683696786674
methyl_mercury_below_lod,-0.020803601679152718
phq9_moving_slowly_or_fidgety,0.020755867638622097
ins_prescription_coverage,-0.020732939780382712
sx_ever_chlamydia_told,0.020527013711616637
mc_angina_ever,0.020386314501992957
shrimp_times_past30d,-0.02034031273406844
mc_psoriasis_ever,-0.020339586914963643
wh_height_in,0.020276405403262334
cb_nutrition_facts_ingredients,-0.020196587856152113
oh_mouth_pain_past_year,-0.0198650931341227
cs_smell_onion,0.019864616817709565
cb_health_claims_influence,-0.019689482618004923
pest_used_in_home_past_7d,-0.019659285783922637
grip_hand1_trial1_effort,0.0196232225199549
clams_past30d,0.019617612141267057
oh_teeth_appearance_self,-0.01948071154630733
ins_any_coverage,-0.01932389779028011
tooth_04_sealant,-0.019140908669892973
tooth_21_sealant,0.019110969040347776
d1_num_foods_reported,0.019043264568633974
d1_main_respondent,-0.01903136721872005
cb_nutrition_facts_use_freq,-0.019020267984855486
tooth_13_sealant,-0.01875360900551808
hba1c_pct,-0.018699101014236264
d1_pufa_c20_5_g,-0.018659394333243304
sea_bass_past30d,0.018651992837145366
pf_difficulty_walking_quarter_mile,-0.018318108389118834
oh_avoid_foods_due_mouth,-0.01824132563869464
d1_theobromine_mg,-0.018240965188280955
grip_hand2_trial2_effort,0.017966256248459406
wh_trying_change_weight,-0.017692858491999072
smoke_questionnaire_source_a,-0.01765743280558001
oh_avoid_smile_mouth,-0.017596746865574525
methyl_mercury_ugl,-0.01741182330382223
hepatitis_b_surface_ab,-0.017237018493527483
grip_hand1_trial2_effort,0.017182819899616748
smoke_car_exposure_days,0.017077951706466074
fs_hh_ate_less_12mo,-0.017024852075721672
shark_past30d,-0.017012882424414424
household_size,-0.01699909333302241
bp_enhancement_1,0.01698549322751748
mc_copd_ever,0.01695678864848441
tooth_20_count_code,0.016916791848362873
dis_diff_dressing_bathing,-0.016891265350545026
px_exam_session_minutes,0.016836846019694388
d1_lutein_zeaxanthin_mcg,0.016800016708663046
cs_taste_phantom_sour,-0.01676831486917702
d1_bottled_water_g,0.016659009868696593
tooth_11_count_code,0.01663540614106987
sub_h_weight_a,0.016308678318710235
d1_tap_water_source,0.01612411328391189
hh_num_rooms,-0.01606304089291704
oh_satisfied_with_smile,0.015881037761423238
tooth_27_count_code,0.0156550392739216
oh_rinse_days_per_week,0.015645103872353704
care_routine_place_type,-0.015621596400613126
marital_status,0.015614039034433246
tooth_06_count_code,0.015549560857683326
lymphocyte_pct,0.01550088544448981
d1_beta_cryptoxanthin_mcg,0.015418443052211636
haddock_past30d,0.015381866286034185
tooth_14_count_code,-0.015075848267836632
waist_circ_cm,-0.014985245173725388
grip_hand2_trial3_effort,0.014974773220418893
osteo_father_hip_fracture,0.01487017511643246
pf_limited_type_work,-0.014835185983732749
trout_past30d,0.014825197357946717
cs_quinine_tongue_tip_taste,-0.014762334756061875
cv_chest_pain_ever,-0.014751744089280743
mc_coronary_disease_ever,0.014483149169054847
alc_days_drink_past_year_num,-0.014354674285297388
fs_hh_hungry_not_eat_12mo,-0.014154643818671948
exam_period_6mo,0.014110536055218241
breaded_fish_past30d,0.014097035246963253
hep_told_hepatitis_c,0.013890313366826968
inc_social_security,-0.013761707647664085
oh_avoid_laughing_mouth,-0.013731776354606486
unknown_shellfish_past30d,-0.013693140822112232
grip_preferred_hand,-0.013441049111508776
ec_mom_smoked_in_pregnancy,-0.013375167307274194
bp_diastolic_3,-0.01311980050775764
occ_industry_code,0.013072443970670018
smoke_car_rules,-0.01295041069096869
wh_weight_age_25_lb,-0.012899888262625961
cb_nutrition_facts_portion,-0.012859816228334743
pa_questionnaire_source,-0.012813374456954576
occ_class_worker,0.012701075516146352
tooth_13_count_code,0.012642879272330843
bmi_category_child,0.012635587671876707
pollock_past30d,-0.012552553288261107
oh_oral_health_self_rated,-0.012354075472249836
db_milk_age_child_1_5,-0.012330102776433116
cod_past30d,0.012289801058078262
inc_retirement_income,-0.012279027057052559
db_meals_not_home_past_7d,-0.012262837504800304
cb_money_spent_food_other_stores,-0.0122588276766353
cs_smell_problem_past_12mo,0.01214784212963534
hep_told_hepatitis_b,0.012129883225170883
mec_interview_proxy_used,0.012009701690457663
salt_freq_added_when_cooking,0.011972257777538497
race_ethnicity_asian_detail,-0.011941571954042041
cs_salt_tongue_tip_taste,-0.011916333798655762
pf_limited_playing_sports,-0.011631014701991222
inc_monthly_family_range,-0.01154495479145686
pa_tv_hours_day,-0.011450305320271385
sleep_hours_weekday,0.011428704341079
diab_prediabetes_told,-0.011417766941507727
hh_ref_country_of_birth,-0.011351363987768644
blood_total_mercury_nmoll,-0.011326581732173515
oh_mouth_problem_avoid_people,0.01111667152362719
blood_selenium_ugl,-0.010971519076570421
salmon_past30d,-0.010931214199996181
smoke_other_indoor_exposure,-0.010916360069143136
tooth_10_count_code,0.010818405930706461
mackerel_past30d,0.010772224850301503
grip_start_testing_hand,0.010618680307576352
porgy_past30d,-0.01057233234783815
mc_on_gluten_free_diet,-0.01012153456232337
mec_interview_interpreter_used,-0.010115050962585729
bp_checked_cholesterol_ever,-0.010093052221698741
sp_interview_interpreter_used,-0.009991253773121718
pseudo_psu_var,-0.009798444910685813
d1_food_amount_vs_usual,-0.00966024460525492
inc_interest_dividends,-0.009644327116075577
px_exam_status,0.009558103912321465
dis_diff_concentration_remember,0.009543741352135496
care_mental_health_prof_visit,-0.009472032702420126
osteo_parent_osteoporosis,0.009458537017855609
wh_weight_10yr_ago_lb,0.009351459851149678
fs_hh_food_not_last_12mo,-0.009326068708899156
tooth_24_count_code,-0.009178353753648633
fs_child_food_security_cat,-0.00909462151079208
mc_chf_ever,-0.009083668748711901
diab_taking_insulin,0.009046893362203138
tissue_transglutaminase_ab,-0.009018918463485391
pa_computer_hours_day,0.00895182317637471
db_fast_food_past_7d,-0.008929109647123476
tooth_20_sealant,-0.00889066380846055
tooth_22_count_code,0.008764445202300497
num_children_le5_in_hh,0.008716000359912811
infant_breast_fed,-0.008694985501948985
salt_type_at_table,-0.00858667284822309
pseudo_stratum_var,-0.008482625633804844
d1_added_alpha_tocopherol_mg,-0.008448391818322135
d1_plain_water_g,0.008305282922527017
mc_jaundice_ever,0.008259804581049388
smoke_hh_num_smokers,-0.008142867201993578
inc_self_employment,-0.008088653276011661
grip_90deg_arm_possible,0.008085528273876732
sun_burn_severity,0.00793003264126877
fs_food_stamp_receipt_12mo,0.007819090616463744
mc_celiac_disease_ever,-0.007809700351003948
inc_supplemental_security,-0.00779111317234298
db_healthy_diet_gen,0.007728387418109172
family_interview_proxy_used,-0.007717592493422336
fs_hh_child_not_eating_12mo,0.00767182397190612
hh_ref_spouse_education,-0.007552855712101151
smoke_home_rules,0.007543283774397012
tooth_07_count_code,0.007428154967573436
blood_donation_past_12mo,0.007381190321287677
mc_stroke_ever,-0.007317736599256335
osteo_mother_hip_fracture,0.007254212198650178
mc_asthma_ever,-0.007234404881600013
fs_hh_child_small_meals_12mo,0.007176189446629344
interview_weight_2yr,0.0070196602397305215
oh_reason_last_dental_visit,-0.006995840836883572
family_size,-0.006946494931863805
fs_hh_food_worried_12mo,-0.0069236822472575395
sp_interview_language,0.006761482322313537
mec_weight_2yr,0.006754994690954108
mcv_fl,-0.0066496351844845735
fs_hh_weight_loss_food_12mo,0.006518665180768515
bp_chol_told_high_time,-0.006433194821920546
tooth_25_count_code,-0.006412395474978432
interview_exam_status,-0.006361074107335223
cs_hit_head_past_12mo,0.006346375115564253
shellfish_past30d,-0.00632838911595101
hh_ref_marital_status,-0.0062845477804773855
d1_recall_status,-0.006249339855914983
cs_taste_phantom_bitter,0.006230005052131618
took_supplements_before_draw,0.006175468686842914
flu_pneumonia_ear_past_30d,-0.006153212918437709
cs_taste_phantom_salt,-0.006139649069282972
crayfish_past30d,0.006057159241410733
fs_food_stamp_hh_any_12mo,-0.006014239990517753
ec_birth_weight_lb,-0.00599710763221677
cb_money_spent_food_fast_food,0.005973979176889005
pf_physical_health_impairs,-0.005969534555661349
imm_hep_a_vaccine_ever,0.005855383386700279
osteo_other_bone_fx_after_20,0.005801568544934663
mec_interview_language,0.005790020945798428
smoke_exposure_any_location,-0.005774920866069814
ethyl_mercury_below_lod,-0.005767266773891061
oh_gentle_brush_days_per_week,0.005742052406703549
pa_sedentary_minutes_day,-0.005725376836316908
d1_tap_water_g,-0.005660304426768392
us_citizenship_status,0.005626710773466116
sx_ever_had_sex,-0.005551737000601655
fs_hh_food_balanced_12mo,-0.0054622403359331755
head_cold_past_30d,0.00535264614994115
db_milk_age_12_17,-0.0053029807274516515
d1_vit_k_mcg,0.005299798625888736
smoke_car_rules_others,0.00525419674650198
wh_weight_current_lb,-0.005160008865150591
sub_fasting_weight,-0.005090694400671411
water_fluoride_mgl,0.005079523501292171
cs_smell_chocolate,-0.00501340429271337
num_children_6_17_in_hh,0.004909806633487393
wh_most_ever_weighed_lb,-0.004906455298729391
cs_nacl_tongue_tip_taste,-0.0048894637541968934
pa_moderate_recreation_ever,0.004659682193546327
inc_wages_salaries,-0.0043502330931294445
fasting_hours_a,0.0042155460138076735
d1_salt_added_at_table_yest,-0.004214883398676017
bp_chol_ever_high,-0.004211738451989061
sardines_past30d,0.0042036260170521065
fish_past30d,0.004194319774149214
fs_adult_food_security_cat,0.004150470787196978
lobsters_past30d,0.004056021162656284
audio_hearing_difficulty,0.0038489098922801666
ethyl_mercury_ugl,-0.0036321975301789136
pf_difficulty_physical_activities,0.0036182687986197532
d1_helper_respondent,0.003360973488943108
other_shellfish_past30d,0.0033448002165280552
tooth_09_count_code,0.0032791692821935413
tooth_19_count_code,-0.0031108056226709212
hepatitis_e_igg,0.003088433969761303
db_ready_to_eat_past_30d,-0.003076252665226996
cs_taste_effort,0.0028347656415631645
osteo_hip_fracture_ever,-0.0028326489470288548
tooth_23_count_code,-0.0027359978055248335
tooth_30_count_code,-0.0027221204716417536
flatfish_past30d,0.002651933013463268
tooth_26_count_code,-0.002587701557699442
d1_days_btw_intake_hhq,0.0024938405782365257
cs_smell_problem_persisting,-0.0024561142789803923
smoke_nicotine_replacement_times,0.00244824585986913
fs_hh_food_security_cat,0.0024467989674507545
tooth_29_count_code,0.0024414915848149014
blood_total_mercury_below_lod,-0.0024262256286906687
diet_2day_weight,0.0023155315597190463
country_of_birth,-0.0022751118315667753
blood_draw_session,0.002232526073819942
cb_money_spent_nonfood_supermarket,0.002189048346379966
hepatitis_a_antibody,-0.002183221377504758
fasting_minutes_a,-0.00196056749509421
mc_currently_increasing_activity,0.0018959623324644149
shrimp_past30d,0.001850513617590443
hepatitis_b_surface_ag,0.0018101267506318555
ec_age_mom_at_birth,-0.001711775540477561
hh_ref_education,0.0017077917515888527
basophil_1000ul,0.0017012621725305483
wh_age_most_weighed,0.0014253206758730757
diab_doctor_told_diabetes,0.0014088813744054737
family_interview_language,-0.0013845859007694933
cb_money_spent_food_restaurants,0.0012904984524000705
fs_food_stamp_authorized,0.001256532638580932
scallops_past30d,0.00124122271550604
diet_day1_weight,-0.0012221795399865037
cb_money_spent_on_food_supermarket,0.0011409123127354038
family_interview_interpreter_used,-0.0011071632316403662
consumed_coffee_before_draw,0.0011028869443865197
d1_beta_carotene_mcg,0.0010908368809121219
inc_family_savings_more_20k,0.0010725179525977637
health_compared_year_ago,-0.001071040736607109
mc_emphysema_ever,0.0010570104269157882
imm_hep_b_vaccine_3doses,-0.0009692557471590097
bp_told_high_chol,0.0009352065470517192
d1_alpha_carotene_mcg,-0.0008819955024058668
mec_acasi_language,-0.0008634467702823526
inc_disability_pension,-0.0008142129491991841
tooth_28_sealant,0.0006829979129507837
inc_welfare_assistance,-0.0006516576633267284
fs_food_stamp_not_enough_bought,-0.0006297200786364011
oh_oral_cancer_exam_ever,0.0005558078188015477
hh_home_owned_or_rented,-0.000538105053905294
mc_liver_condition_ever,-0.00039690510931413996
fs_hh_child_hungry_12mo,0.00039062010799038307
fs_hh_cut_meals_12mo,0.00031649838570653227
num_adults_ge60_in_hh,-0.00028157186007272343
wh_weight_year_ago_lb,0.00025791268793581433
db_frozen_meals_past_30d,-0.00022629800056625385
tooth_08_count_code,0.00019518775919267388
d1_interview_language,3.02371529499688e-05
d1_intake_day_of_week,1.4567071436038847e-05
bp_pulse_type,1.0612618786685328e-05
